Productos,Precios,Calificaciones,Create_Date,Update_Date
<<<<<<< HEAD
Reloj Inteligente  Vigilancia  Salud De La Mujer Impermeable,$139.674,4.5,2025-05-25 22:39:41,2025-05-25 22:39:41
Reloj Inteligente Ip67 Impermeable Con Linterna,$133.800,4.6,2025-05-25 22:39:41,2025-05-25 22:39:41
Xiaomi Redmi Watch 5 Active Negro,$129.900,4.8,2025-05-25 22:39:41,2025-05-25 22:39:41
Samsung Galaxy Watch7 44mm Green Caja Verde Bisel Verde,$999.900,4.8,2025-05-25 22:39:41,2025-05-25 22:39:41
Samsung Galaxy Watch7 40mm Pink Gold Caja Crema Malla Crema Bisel Crema,$881.578,4.9,2025-05-25 22:39:41,2025-05-25 22:39:41
"Xiaomi Reloj Smartwatch Active 5 2"" Plateado",$129.900,5.0,2025-05-25 22:39:41,2025-05-25 22:39:41
Smartwatch Huawei Watch Gt 5 46mm Café Diseño de la malla Mesh,$681.841,4.9,2025-05-25 22:39:41,2025-05-25 22:39:41
"Samsung Galaxy Fit 3 Smartwatch Sport, Gris Oscuro, Pantalla AMOLED 1.6"", Resistencia Agua 50m",$184.900,4.8,2025-05-25 22:39:41,2025-05-25 22:39:41
"Reloj Smartwatch Xiaomi Redmi Watch 5 Lite 1,96 Amoled Black Caja Negro Malla Negro Bisel Negro",$222.000,4.9,2025-05-25 22:39:41,2025-05-25 22:39:41
Reloj Inteligente Xiaomi Redmi Watch 5 Active Plata Caja Plateado Malla Gris Bisel Plateado Diseño de la malla Milanese,$150.886,4.9,2025-05-25 22:39:41,2025-05-25 22:39:41
"Smartwatch Kieslect Kr display de 1.32"" con correa de silicona - color negro",$97.000,4.7,2025-05-25 22:39:41,2025-05-25 22:39:41
Smartwatch Xiaomi Redmi Watch 5 Lite Amoled 1.96' Light Gold,$220.400,4.8,2025-05-25 22:39:41,2025-05-25 22:39:41
Xiaomi Redmi Watch 5 Active Con Hyperos Bateria 18 Días Llamadas Ipx8 Gary,$165.900,4.8,2025-05-25 22:39:41,2025-05-25 22:39:41
Xiaomi Smart Band 9 Active color negro,$108.900,4.8,2025-05-25 22:39:41,2025-05-25 22:39:41
Smartwatch Huawei Watch Fit 3 Rosa Diseño de la malla Fluoroelastómero,$499.950,4.9,2025-05-25 22:39:41,2025-05-25 22:39:41
Smartwatch Huawei Watch Fit 3 Negro Diseño de la malla Fluoroelastómero,$499.950,4.9,2025-05-25 22:39:41,2025-05-25 22:39:41
Apple Watch Ultra 2 GPS + Cellular • Caja de titanio negro de 49 mm • Correa Trail negra - M/L,$3.649.900,4.8,2025-05-25 22:39:41,2025-05-25 22:39:41
"Reloj Xiaomi Watch 5: Pantalla Amoled De 2,07 , Gps, Resistencia Al Agua 5atm Y Sensor De Frecuencia Cardíaca Autonomía Hasta 24 Días",$455.808,4.9,2025-05-25 22:39:41,2025-05-25 22:39:41
"Reloj de Niños Smartwatch Huawei Watch Kids 4 Pro Rosa - SimCard, GPS & Videollamadas",$599.994,4.3,2025-05-25 22:39:41,2025-05-25 22:39:41
Samsung Galaxy Watch Watch 7 44mm Display De 1.47 Con Correa De Fkm - Color Khaki,$1.049.000,4.8,2025-05-25 22:39:41,2025-05-25 22:39:41
Xiaomi Smart Band 9 Active Pink Sport Silicona,$99.900,4.8,2025-05-25 22:39:41,2025-05-25 22:39:41
Combo Reloj Watch X8 Ultra + Audifonos In Ear + Power Bank M Malla Naranja,$76.890,3.9,2025-05-25 22:39:41,2025-05-25 22:39:41
Apple Watch Series 10 GPS • Caja de aluminio negro azabache de 42 mm • Correa deportiva negra - M/L,$1.689.900,4.8,2025-05-25 22:39:41,2025-05-25 22:39:41
Reloj Inteligente Smartwatch Linkon Llamadas Bluetooth,$114.990,4.4,2025-05-25 22:39:41,2025-05-25 22:39:41
"Reloj de Niños Smartwatch Huawei Watch Kids 4 Pro Azul - SimCard, GPS & Videollamadas",$599.994,4.3,2025-05-25 22:39:41,2025-05-25 22:39:41
Smartwatch Huawei Band 10 Rosa Caja Rosa pálido Malla Rosa pálido Bisel Rosa pálido Diseño de la malla Mesh,$189.992,5.0,2025-05-25 22:39:41,2025-05-25 22:39:41
Reloj Inteligente  Vigilancia  Salud De La Mujer Impermeable,$139.674,4.5,2025-05-25 22:39:41,2025-05-25 22:39:41
Smartband Redmi Mi Band 9 Active Color Negro Xiaomi,$175.900,4.9,2025-05-25 22:39:41,2025-05-25 22:39:41
"Reloj inteligente Colmi P71 Bluetooth 5.1 Call, pantalla IPS de 1,9 pulgadas, carcasa negra, pulsera negra, bisel negro",$73.815,4.7,2025-05-25 22:39:41,2025-05-25 22:39:41
Smartwatch Huawei Watch Gt5 (gps) 46mm Negro Bisel Plateado Diseño de la malla Mesh,$719.928,4.9,2025-05-25 22:39:41,2025-05-25 22:39:41
Smartwatch Reloj Inteligente Deportivo Linkon Pro Llamadas,$169.990,4.6,2025-05-25 22:39:41,2025-05-25 22:39:41
Pulsera Inteligente Smartband M7 Sensor Tactil,$28.990,3.3,2025-05-25 22:39:41,2025-05-25 22:39:41
Apple Watch Series 10 GPS • Caja de aluminio negro azabache de 42 mm • Correa loop deportiva color tinta - Distribuidor Autorizado,$2.299.000,5.0,2025-05-25 22:39:41,2025-05-25 22:39:41
Xiaomi Smart Band Mi Band 8 Gold Gl Color de la caja Dorado Color de la malla Blanco Diseño de la malla Milanese,$161.330,4.8,2025-05-25 22:39:41,2025-05-25 22:39:41
Smartband Keluona ZL02 con correa de silicona - color negro,$76.149,4.6,2025-05-25 22:39:41,2025-05-25 22:39:41
Reloj Inteligente Ip67 Impermeable Con Linterna,$133.800,4.6,2025-05-25 22:39:41,2025-05-25 22:39:41
Reloj Inteligente T800 Ultra 8 Smart Watch Series 49mm Touch Caja Gris Malla gris o naranja,$37.840,3.9,2025-05-25 22:39:41,2025-05-25 22:39:41
"Reloj inteligente Colmi P71 Bluetooth 5.1 Call, pantalla IPS de 1,9 pulgadas, carcasa dorada, pulsera dorada, bisel dorado",$77.205,4.7,2025-05-25 22:39:41,2025-05-25 22:39:41
Smartwatch Huawei Watch Gt 5 Pro 46mm Correa De Titanio,$1.699.915,4.9,2025-05-25 22:39:41,2025-05-25 22:39:41
Smart Watch Reloj Inteligente 8 Ultra Para Android iPhone Color De La Caja Negro Color De La Correa Negro,$63.429,4.2,2025-05-25 22:39:41,2025-05-25 22:39:41
Reloj Inteligente T800 Ultra Smartwatch Reloj Inteligente Color De La Caja Plateado Color De La Correa Naranja,$49.900,3.9,2025-05-25 22:39:41,2025-05-25 22:39:41
Smartwatch Huawei Watch Fit 3 Verde Diseño de la malla Fluoroelastómero,$499.950,4.9,2025-05-25 22:39:41,2025-05-25 22:39:41
"Reloj inteligente Colmi P71 con pantalla de 1,9 pulgadas para Android/iOS, carcasa negra, pulsera negra, bisel negro, diseño de pulsera de malla",$76.250,4.6,2025-05-25 22:39:41,2025-05-25 22:39:41
Smartwatch Huawei Watch Fit 3 Gris,$599.940,4.8,2025-05-25 22:39:41,2025-05-25 22:39:41
Xiaomi Watch S3 - Resistente Al Agua - Gps - Pantalla Táctil Caja Plateado Correa Plateado Bisel Plateado,$639.900,4.9,2025-05-25 22:39:41,2025-05-25 22:39:41
Smartwatch Huawei Watch Gt 5 46mm Azul,$719.928,5.0,2025-05-25 22:39:41,2025-05-25 22:39:41
Smartwatch Huawei Watch Gt5 (gps) 41mm Azul Bisel Plateado Diseño de la malla Mesh,$681.841,5.0,2025-05-25 22:39:41,2025-05-25 22:39:41
Reloj Inteligente Xiaomi Watch S3 Color Negro,$547.230,4.8,2025-05-25 22:39:41,2025-05-25 22:39:41
Smartwatch Huawei Watch Gt 5 41mm Blanco,$699.930,5.0,2025-05-25 22:39:41,2025-05-25 22:39:41
"Reloj inteligente Smartwatch Colmi P71 con Bluetooth, funda violeta, bisel, diseño de pulsera deportiva dorada",$75.000,4.6,2025-05-25 22:39:41,2025-05-25 22:39:41
"Reloj inteligente Colmi P71, para hacer y recibir llamadas, pulsera azul con forma de caja azul, bisel azul, diseño de pulsera cuadrada",$74.090,4.6,2025-05-25 22:39:41,2025-05-25 22:39:41
=======
Reloj Inteligente  Vigilancia  Salud De La Mujer Impermeable,$139.674,4.5,2025-05-26 00:18:03,2025-05-26 00:18:03
Reloj Inteligente Ip67 Impermeable Con Linterna,$133.800,4.6,2025-05-26 00:18:03,2025-05-26 00:18:03
Xiaomi Redmi Watch 5 Active Negro,$129.900,4.8,2025-05-26 00:18:03,2025-05-26 00:18:03
Samsung Galaxy Watch7 44mm Green Caja Verde Bisel Verde,$999.900,4.8,2025-05-26 00:18:03,2025-05-26 00:18:03
Samsung Galaxy Watch7 40mm Pink Gold Caja Crema Malla Crema Bisel Crema,$881.578,4.9,2025-05-26 00:18:03,2025-05-26 00:18:03
"Xiaomi Reloj Smartwatch Active 5 2"" Plateado",$129.900,5.0,2025-05-26 00:18:03,2025-05-26 00:18:03
Smartwatch Huawei Watch Gt 5 46mm Café Diseño de la malla Mesh,$681.841,4.9,2025-05-26 00:18:03,2025-05-26 00:18:03
"Samsung Galaxy Fit 3 Smartwatch Sport, Gris Oscuro, Pantalla AMOLED 1.6"", Resistencia Agua 50m",$184.900,4.8,2025-05-26 00:18:03,2025-05-26 00:18:03
"Reloj Smartwatch Xiaomi Redmi Watch 5 Lite 1,96 Amoled Black Caja Negro Malla Negro Bisel Negro",$222.000,4.9,2025-05-26 00:18:03,2025-05-26 00:18:03
Reloj Inteligente Xiaomi Redmi Watch 5 Active Plata Caja Plateado Malla Gris Bisel Plateado Diseño de la malla Milanese,$150.886,4.9,2025-05-26 00:18:03,2025-05-26 00:18:03
"Smartwatch Kieslect Kr display de 1.32"" con correa de silicona - color negro",$97.000,4.7,2025-05-26 00:18:03,2025-05-26 00:18:03
Smartwatch Xiaomi Redmi Watch 5 Lite Amoled 1.96' Light Gold,$220.400,4.8,2025-05-26 00:18:03,2025-05-26 00:18:03
Xiaomi Redmi Watch 5 Active Con Hyperos Bateria 18 Días Llamadas Ipx8 Gary,$165.900,4.8,2025-05-26 00:18:03,2025-05-26 00:18:03
Xiaomi Smart Band 9 Active color negro,$108.900,4.8,2025-05-26 00:18:03,2025-05-26 00:18:03
Smartwatch Huawei Watch Fit 3 Rosa Diseño de la malla Fluoroelastómero,$499.950,4.9,2025-05-26 00:18:03,2025-05-26 00:18:03
Smartwatch Huawei Watch Fit 3 Negro Diseño de la malla Fluoroelastómero,$499.950,4.9,2025-05-26 00:18:03,2025-05-26 00:18:03
Apple Watch Ultra 2 GPS + Cellular • Caja de titanio negro de 49 mm • Correa Trail negra - M/L,$3.649.900,4.8,2025-05-26 00:18:03,2025-05-26 00:18:03
"Reloj Xiaomi Watch 5: Pantalla Amoled De 2,07 , Gps, Resistencia Al Agua 5atm Y Sensor De Frecuencia Cardíaca Autonomía Hasta 24 Días",$455.808,4.9,2025-05-26 00:18:03,2025-05-26 00:18:03
"Reloj de Niños Smartwatch Huawei Watch Kids 4 Pro Rosa - SimCard, GPS & Videollamadas",$599.994,4.3,2025-05-26 00:18:03,2025-05-26 00:18:03
Samsung Galaxy Watch Watch 7 44mm Display De 1.47 Con Correa De Fkm - Color Khaki,$1.049.000,4.8,2025-05-26 00:18:03,2025-05-26 00:18:03
Xiaomi Smart Band 9 Active Pink Sport Silicona,$99.900,4.8,2025-05-26 00:18:03,2025-05-26 00:18:03
Combo Reloj Watch X8 Ultra + Audifonos In Ear + Power Bank M Malla Naranja,$76.890,3.9,2025-05-26 00:18:03,2025-05-26 00:18:03
Apple Watch Series 10 GPS • Caja de aluminio negro azabache de 42 mm • Correa deportiva negra - M/L,$1.689.900,4.8,2025-05-26 00:18:03,2025-05-26 00:18:03
Reloj Inteligente Smartwatch Linkon Llamadas Bluetooth,$114.990,4.4,2025-05-26 00:18:03,2025-05-26 00:18:03
"Reloj de Niños Smartwatch Huawei Watch Kids 4 Pro Azul - SimCard, GPS & Videollamadas",$599.994,4.3,2025-05-26 00:18:03,2025-05-26 00:18:03
Smartwatch Huawei Band 10 Rosa Caja Rosa pálido Malla Rosa pálido Bisel Rosa pálido Diseño de la malla Mesh,$189.992,5.0,2025-05-26 00:18:03,2025-05-26 00:18:03
Reloj Inteligente  Vigilancia  Salud De La Mujer Impermeable,$139.674,4.5,2025-05-26 00:18:03,2025-05-26 00:18:03
Smartband Redmi Mi Band 9 Active Color Negro Xiaomi,$175.900,4.9,2025-05-26 00:18:03,2025-05-26 00:18:03
"Reloj inteligente Colmi P71 Bluetooth 5.1 Call, pantalla IPS de 1,9 pulgadas, carcasa negra, pulsera negra, bisel negro",$73.815,4.7,2025-05-26 00:18:03,2025-05-26 00:18:03
Smartwatch Huawei Watch Gt5 (gps) 46mm Negro Bisel Plateado Diseño de la malla Mesh,$719.928,4.9,2025-05-26 00:18:03,2025-05-26 00:18:03
Smartwatch Reloj Inteligente Deportivo Linkon Pro Llamadas,$169.990,4.6,2025-05-26 00:18:03,2025-05-26 00:18:03
Pulsera Inteligente Smartband M7 Sensor Tactil,$28.990,3.3,2025-05-26 00:18:03,2025-05-26 00:18:03
Apple Watch Series 10 GPS • Caja de aluminio negro azabache de 42 mm • Correa loop deportiva color tinta - Distribuidor Autorizado,$2.299.000,5.0,2025-05-26 00:18:03,2025-05-26 00:18:03
Xiaomi Smart Band Mi Band 8 Gold Gl Color de la caja Dorado Color de la malla Blanco Diseño de la malla Milanese,$161.330,4.8,2025-05-26 00:18:03,2025-05-26 00:18:03
Smartband Keluona ZL02 con correa de silicona - color negro,$76.149,4.6,2025-05-26 00:18:03,2025-05-26 00:18:03
Reloj Inteligente Ip67 Impermeable Con Linterna,$133.800,4.6,2025-05-26 00:18:03,2025-05-26 00:18:03
Reloj Inteligente T800 Ultra 8 Smart Watch Series 49mm Touch Caja Gris Malla gris o naranja,$37.840,3.9,2025-05-26 00:18:03,2025-05-26 00:18:03
"Reloj inteligente Colmi P71 Bluetooth 5.1 Call, pantalla IPS de 1,9 pulgadas, carcasa dorada, pulsera dorada, bisel dorado",$77.205,4.7,2025-05-26 00:18:03,2025-05-26 00:18:03
Smartwatch Huawei Watch Gt 5 Pro 46mm Correa De Titanio,$1.699.915,4.9,2025-05-26 00:18:03,2025-05-26 00:18:03
Smart Watch Reloj Inteligente 8 Ultra Para Android iPhone Color De La Caja Negro Color De La Correa Negro,$63.429,4.2,2025-05-26 00:18:03,2025-05-26 00:18:03
Reloj Inteligente T800 Ultra Smartwatch Reloj Inteligente Color De La Caja Plateado Color De La Correa Naranja,$49.900,3.9,2025-05-26 00:18:03,2025-05-26 00:18:03
Smartwatch Huawei Watch Fit 3 Verde Diseño de la malla Fluoroelastómero,$499.950,4.9,2025-05-26 00:18:03,2025-05-26 00:18:03
"Reloj inteligente Colmi P71 con pantalla de 1,9 pulgadas para Android/iOS, carcasa negra, pulsera negra, bisel negro, diseño de pulsera de malla",$76.250,4.6,2025-05-26 00:18:03,2025-05-26 00:18:03
Smartwatch Huawei Watch Fit 3 Gris,$599.940,4.8,2025-05-26 00:18:03,2025-05-26 00:18:03
Xiaomi Watch S3 - Resistente Al Agua - Gps - Pantalla Táctil Caja Plateado Correa Plateado Bisel Plateado,$639.900,4.9,2025-05-26 00:18:03,2025-05-26 00:18:03
Smartwatch Huawei Watch Gt 5 46mm Azul,$719.928,5.0,2025-05-26 00:18:03,2025-05-26 00:18:03
Smartwatch Huawei Watch Gt5 (gps) 41mm Azul Bisel Plateado Diseño de la malla Mesh,$681.841,5.0,2025-05-26 00:18:03,2025-05-26 00:18:03
Reloj Inteligente Xiaomi Watch S3 Color Negro,$547.230,4.8,2025-05-26 00:18:03,2025-05-26 00:18:03
Smartwatch Huawei Watch Gt 5 41mm Blanco,$699.930,5.0,2025-05-26 00:18:03,2025-05-26 00:18:03
"Reloj inteligente Smartwatch Colmi P71 con Bluetooth, funda violeta, bisel, diseño de pulsera deportiva dorada",$75.000,4.6,2025-05-26 00:18:03,2025-05-26 00:18:03
"Reloj inteligente Colmi P71, para hacer y recibir llamadas, pulsera azul con forma de caja azul, bisel azul, diseño de pulsera cuadrada",$74.090,4.6,2025-05-26 00:18:03,2025-05-26 00:18:03
>>>>>>> 29eddef5bd62746c5294cb2187b2ab944708c7fc
